{
  "Total" : {
    "transaction" : "Total",
    "sampleCount" : 6959,
    "errorCount" : 6959,
    "errorPct" : 100.0,
    "meanResTime" : 790.8586003736154,
    "medianResTime" : 888.0,
    "minResTime" : 148.0,
    "maxResTime" : 3062.0,
    "pct1ResTime" : 994.0,
    "pct2ResTime" : 1012.0,
    "pct3ResTime" : 1527.1999999999898,
    "throughput" : 114.96588524888074,
    "receivedKBytesPerSec" : 39.59446205766467,
    "sentKBytesPerSec" : 42.89489192521187
  },
  "HTTP Request" : {
    "transaction" : "HTTP Request",
    "sampleCount" : 6959,
    "errorCount" : 6959,
    "errorPct" : 100.0,
    "meanResTime" : 790.8586003736154,
    "medianResTime" : 888.0,
    "minResTime" : 148.0,
    "maxResTime" : 3062.0,
    "pct1ResTime" : 994.0,
    "pct2ResTime" : 1012.0,
    "pct3ResTime" : 1527.1999999999898,
    "throughput" : 114.96588524888074,
    "receivedKBytesPerSec" : 39.59446205766467,
    "sentKBytesPerSec" : 42.89489192521187
  }
}