{
  "Total" : {
    "transaction" : "Total",
    "sampleCount" : 1316,
    "errorCount" : 3,
    "errorPct" : 0.22796352,
    "meanResTime" : 177.8981762917932,
    "medianResTime" : 168.0,
    "minResTime" : 94.0,
    "maxResTime" : 602.0,
    "pct1ResTime" : 183.0,
    "pct2ResTime" : 222.14999999999986,
    "pct3ResTime" : 425.14999999999964,
    "throughput" : 18.615704525200517,
    "receivedKBytesPerSec" : 280.0154723814593,
    "sentKBytesPerSec" : 8.071390665447781
  },
  "HTTP Request" : {
    "transaction" : "HTTP Request",
    "sampleCount" : 1316,
    "errorCount" : 3,
    "errorPct" : 0.22796352,
    "meanResTime" : 177.8981762917932,
    "medianResTime" : 168.0,
    "minResTime" : 94.0,
    "maxResTime" : 602.0,
    "pct1ResTime" : 183.0,
    "pct2ResTime" : 222.14999999999986,
    "pct3ResTime" : 425.14999999999964,
    "throughput" : 18.615704525200517,
    "receivedKBytesPerSec" : 280.0154723814593,
    "sentKBytesPerSec" : 8.071390665447781
  }
}